,gender
0,0.8361038565635681
1,0.999828577041626
2,0.9932910203933716
3,0.1728585809469223
4,0.05038188025355339
5,0.23959827423095703
6,0.10954213887453079
7,0.8476564884185791
8,0.9999043941497803
9,0.9958403706550598
10,0.043377820402383804
11,0.972264289855957
12,0.011502476409077644
13,0.4516274631023407
14,0.9804586172103882
15,0.89732426404953
16,0.9924436211585999
17,0.6305602192878723
18,0.12838037312030792
19,0.011490598320960999
20,0.9406476020812988
21,0.9881100654602051
22,0.0013230961048975587
23,0.9220165610313416
24,0.00872986763715744
25,0.9999998807907104
26,0.9999964237213135
27,0.9993550181388855
28,0.9994044303894043
29,0.9997320771217346
30,0.9992432594299316
31,0.9999043941497803
32,0.013341777957975864
33,0.9999186992645264
34,0.9999978542327881
35,0.9998993873596191
36,0.9999997615814209
37,0.9259095191955566
38,0.8874337077140808
39,0.05770532786846161
40,0.007039505522698164
41,0.8729375004768372
42,0.9998577833175659
43,0.017235975712537766
44,0.9990585446357727
45,0.04119656980037689
46,0.02153962478041649
47,0.9043260216712952
48,0.9857562184333801
49,0.9997425675392151
50,0.9999381303787231
51,0.9996734857559204
52,0.04393427073955536
53,0.9301446080207825
54,0.00401637889444828
55,0.07697781175374985
56,0.9999991655349731
57,0.9999262094497681
58,0.0013605308486148715
59,0.9999998807907104
60,0.012093814089894295
61,0.6385400295257568
62,0.9999350309371948
63,0.05717090889811516
64,0.9999805688858032
65,0.9999978542327881
66,0.14346763491630554
67,0.2235686033964157
68,0.009347129613161087
69,0.001769794151186943
70,0.00470235850661993
71,0.9999839067459106
72,0.0007038869080133736
73,0.9999717473983765
74,0.9999945163726807
75,0.988058865070343
76,0.004142537713050842
77,0.005795057862997055
78,0.5102116465568542
79,0.9992997646331787
80,0.9999988079071045
81,0.8462525606155396
82,0.02540656365454197
83,0.00020635518012568355
84,0.004968604072928429
85,0.984914243221283
86,0.9979053735733032
87,0.004655942786484957
88,0.9985030889511108
89,0.10890474170446396
90,0.05717090889811516
91,0.8675774335861206
92,0.012127787806093693
93,0.8053426742553711
94,0.9939171671867371
95,0.9999985694885254
96,0.9997780919075012
97,0.9999959468841553
98,0.21540552377700806
99,0.9982945322990417
100,0.4312061071395874
101,0.002767073456197977
102,0.9999980926513672
103,0.03563395515084267
104,0.9999933242797852
105,0.31406858563423157
106,0.001519773039035499
107,0.024627337232232094
108,0.1639283001422882
109,0.9999940395355225
110,0.399096816778183
111,0.9999464750289917
112,0.9994946718215942
113,0.9903740882873535
114,0.9999996423721313
115,0.3172316253185272
116,0.00199878984130919
117,0.9999959468841553
118,0.008230004459619522
119,0.9999992847442627
120,0.8721321821212769
121,0.9915418028831482
122,0.9990793466567993
123,0.9991139769554138
124,0.43887171149253845
125,0.03206486999988556
126,0.9999960660934448
127,0.9753565788269043
128,0.0167799424380064
129,0.9999995231628418
130,0.9999974966049194
131,0.9999945163726807
132,0.5879765152931213
133,0.9903740882873535
134,0.016919981688261032
135,0.999115526676178
